{"stats":{"minecraft:custom":{"minecraft:jump":126,"minecraft:time_since_rest":3946,"minecraft:leave_game":1,"minecraft:sprint_one_cm":14998,"minecraft:play_time":3946,"minecraft:damage_taken":120,"minecraft:time_since_death":3946,"minecraft:walk_one_cm":5124,"minecraft:total_world_time":3946,"minecraft:fall_one_cm":7522,"minecraft:fly_one_cm":21461},"minecraft:mined":{"minecraft:grass_block":1},"minecraft:used":{"minecraft:dirt":1},"minecraft:picked_up":{"minecraft:dirt":1}},"DataVersion":3465}